{
  "$schema": "https://raw.githubusercontent.com/grafana/grafana/master/docs/sources/developers/plugins/plugin.schema.json",
  "type": "panel",
  "name": "Radar",
  "id": "blackghostoff-radar-panel",
  "info": {
    "keywords": ["panel"],
    "description": "",
    "author": {
      "name": "Black ghost off"
    },
    "logos": {
      "small": "img/logo.svg",
      "large": "img/logo.svg"
    },
    
    "links": [],
    "screenshots": [
      {
        "name": "Static Image Panel",
        "path": "img/view.png"
      }
    ],    "version": "0.0.1",
    "updated": "2023-11-07"
  },
  "dependencies": {
    "grafanaDependency": ">=10.0.3",
    "plugins": []
  }
}
